algorithm,n,n_exp,pi_n,result,status,method_time,total_time,pid,core_id
sieve,100,2,25,25,OK,3.905699122697115e-05,0.01345515251159668,1614028,22
sieve,1000,3,168,168,OK,0.00014771404676139355,0.013827800750732422,1614030,22
sieve,10,1,4,4,OK,3.428105264902115e-05,0.018416643142700195,1614027,22
sieve,10000,4,1229,1229,OK,0.001296195900067687,0.015235424041748047,1614032,22
sieve,100000,5,9592,9592,OK,0.022209167014807463,0.02444934844970703,1614034,22
sieve,100000000000000000000000,23,-1,-1,ERROR,-1.0,-1.0,1614070,-1
sieve,1000000000000000000000000,24,-1,-1,ERROR,-1.0,-1.0,1614068,-1
sieve,1000000,6,78498,78498,OK,2.7231030740076676,2.7910094261169434,1614041,22
sieve,10000000,7,664579,664579,OK,28.11531666200608,28.241677284240723,1614039,22
